H2 ppm,CH4 ppm,C2H6 ppm,C2H4 ppm,C2H2 ppm,H2 percentage,CH4 percentage,C2H6 percentage,C2H4 percentage,C2H2 percentage,Centroid X,Centroid Y,Expected Region,Matched Region
2091.0,149.0,20.0,3.0,0.001,92.39942889994303,6.584177382157586,0.883782198947327,0.13256732984209904,4.418910994736635e-05,-0.37484023217339946,28.422445981300868,PentagonRegions.PD,PentagonRegions.PD
1.0,27.0,49.0,4.0,1.0,1.2195121951219512,32.926829268292686,59.756097560975604,4.878048780487805,1.2195121951219512,-23.64561692663939,-2.9548300463535018,PentagonRegions.T1,PentagonRegions.T1
3420.0,7870.0,1500.0,6990.0,33.0,17.261394034219958,39.721395043658205,7.570786857114016,35.279866754151314,0.16655731085650835,-2.4730699932706255,-16.570986968973504,PentagonRegions.T3,PentagonRegions.T3
