H2 percentage,CH4 percentage,C2H6 percentage,C2H4 percentage,C2H2 percentage,Centroid X,Centroid Y,Expected Region,Matched Region
12.42603550295858,20.118343195266274,2.9585798816568047,27.810650887573964,36.68639053254438,10.903550226338982,-3.545324915789682,PentagonRegions.D2,PentagonRegions.D2
57.97344984036298,18.870778020500758,4.621072088724585,8.654007729793314,9.880692320618383,0.8817314261941805,12.942557105558738,PentagonRegions.D1,PentagonRegions.D1
