H2 ppm,CH4 ppm,C2H6 ppm,C2H4 ppm,C2H2 ppm,H2 percentage,CH4 percentage,C2H6 percentage,C2H4 percentage,C2H2 percentage,Centroid X,Centroid Y,Expected Region,Matched Region
19.3,103.0,159.0,19.0,0.6,6.414091060152874,34.23064140910601,52.84147557328015,6.314390162844798,0.19940179461615154,-20.8289459952577,-2.808098920202281,PentagonRegions.T3,PentagonRegions.T1
27.0,30.0,23.0,2.4,0.1,32.72727272727273,36.36363636363637,27.878787878787882,2.909090909090909,0.12121212121212122,-12.247615930649106,2.193278634084933,PentagonRegions.T1,PentagonRegions.S
23.0,63.0,54.0,10.0,0.3,15.302727877578176,41.91616766467065,35.928143712574844,6.65335994677312,0.19960079840319359,-16.121041257941545,-4.382128616746159,PentagonRegions.D1,PentagonRegions.T1
160.0,130.0,33.0,96.0,0.1,38.177046051061794,31.01884991648771,7.874015748031496,22.906227630637076,0.023860653781913623,-3.1598101102651275,-6.444810519227905,PentagonRegions.T2,PentagonRegions.T3
180.0,175.0,75.0,50.0,4.0,37.1900826446281,36.15702479338843,15.495867768595042,10.330578512396695,0.8264462809917356,-7.367547555723857,-0.5336735842550756,PentagonRegions.T2,PentagonRegions.T1
30.4,117.0,44.2,138.0,0.1,9.22050348801941,35.48680618744313,13.406126781922959,41.85623293903548,0.03033060357901122,-1.9129790425840136,-16.459656310770082,PentagonRegions.T2,PentagonRegions.T3
