H2 percentage,CH4 percentage,C2H6 percentage,C2H4 percentage,C2H2 percentage,Centroid X,Centroid Y,Expected Region,Matched Region
86.17312965139052,13.05653479566523,0.4961483222352787,0.026113069591330463,0.24807416111763936,-0.33124157770971746,25.66613673053869,PentagonRegions.PD,PentagonRegions.PD
