H2 percentage,CH4 percentage,C2H6 percentage,C2H4 percentage,C2H2 percentage,Centroid X,Centroid Y,Expected Region,Matched Region
90.66447007138935,4.942339373970346,1.8121911037891267,2.471169686985173,0.10982976386600769,-0.5806591930986124,26.889535882203518,PentagonRegions.PD,PentagonRegions.PD
47.425474254742554,6.123852283298953,1.235691461392226,9.64486510536747,35.57011689519881,10.924627031279739,15.721948526038494,PentagonRegions.D1,PentagonRegions.D1
25.348997926744985,22.474084312370422,4.671734623358673,24.809951624049752,22.69523151347616,5.412927897609821,-1.5020159458105624,PentagonRegions.D2,PentagonRegions.D2
20.442930153321978,17.035775127768314,5.6785917092561045,52.81090289608177,4.031800113571834,5.810837139482478,-13.370052868885733,PentagonRegions.T3,PentagonRegions.T3
