H2 percentage,CH4 percentage,C2H6 percentage,C2H4 percentage,C2H2 percentage,Centroid X,Centroid Y,Expected Region,Matched Region
11.22686895946674,15.905764105107064,8.464256254499855,57.30490299386351,7.09820768706283,7.384587598661277,-14.530000123642404,PentagonRegions.D2,PentagonRegions.T3
28.8738749029104,27.147964545163795,13.838123086763831,29.952140540046607,0.1878969251153653,-3.075302504157807,-6.448370793250043,PentagonRegions.T1,PentagonRegions.T3
