H2 percentage,CH4 percentage,C2H6 percentage,C2H4 percentage,C2H2 percentage,Centroid X,Centroid Y,Expected Region,Matched Region
52.0,13.333333333333334,7.333333333333333,8.666666666666668,18.666666666666668,3.185218932516861,14.219564417087854,PentagonRegions.D1,PentagonRegions.D1
52.45202558635395,6.950959488272922,1.1513859275053304,9.936034115138593,29.50959488272921,8.995924607443218,16.48081540850043,PentagonRegions.D1,PentagonRegions.D1
50.0,11.538461538461538,3.8461538461538463,11.538461538461538,23.076923076923077,5.9233098694474196,13.469835477093667,PentagonRegions.D2,PentagonRegions.D2
12.151215121512152,40.5040504050405,18.901890189018903,28.352835283528353,0.09000900090009002,-6.873426896336349,-12.49640810247502,PentagonRegions.T2,PentagonRegions.T2
22.19084123461771,32.27758725035304,4.458341738955013,40.548718983256,0.5245107928182369,0.6576904435267094,-16.57120295513375,PentagonRegions.T3,PentagonRegions.T3
8.47457627118644,28.22910578609001,8.737580362361193,52.893045002922264,1.6656925774400935,3.0948060486085565,-18.39378626443191,PentagonRegions.T3,PentagonRegions.T3
